aagx030.159,aagx030.146,aagx030.153,aagx030.156,aagx030.162,aag004.376,aag004.391,aag004.394,aag004.388,aag004.379,aag004.373,aag004.400,m49.168,m49.180,m49.177,m49.171,m49.159,m49.162,m49.174,m49.167,m49.170,aagx012.202,aagx012.204,aagx012.211,aagx012.214,aagx012.208,aagx012.205,aag002.319,aag002.325,aag002.315,aag002.322,aag002.328,aag002.235,atg002.151,atg002.157,atg002.154,atg002.163,atg002.160,atg002.147,atg002.141,atg002.169,atg002.166,atg002.144,atg002.172,aagx051.184,aagx051.190,aagx051.193,aagx051.181,aagx051.187,aagx051.178,aagx051.175,aagx051.172,aagx051.166,aagx051.169,aagx051.196,aagx051.198,aagx051.191,aagx071.224,aagx071.233,aagx071.236,aagx071.221,aagx071.230,aagx071.242,aagx071.227,aagx071.239,m13.263,m13.271,m13.266,m13.280,m13.253,m13.260,m13.274,m13.269,m13.277,m13.283,m16.187,m16.180,m16.184,m16.190
1,0,0,0,0,0.25,0.55,0.2,0,0,0,0,0.7,0.3,0,0,0,0,0,0,0,0.95,0.05,0,0,0,0,0.3,0.35,0,0.3,0.05,0,0.3333333333333333,0.5,0.16666666666666666,0,0,0,0,0,0,0,0,0.5,0.2,0.05,0.1,0,0.15,0,0,0,0,0,0,0,0.2,0.3,0.1,0,0.35,0,0.05,0,0.25,0.5,0.25,0,0,0,0,0,0,0,1,0,0,0
0.9,0,0.05,0.016666666666666666,0.03333333333333333,0.3793103448275862,0.5862068965517241,0.017241379310344827,0,0,0,0.017241379310344827,0.5,0.5,0,0,0,0,0,0,0,0.9833333333333333,0.016666666666666666,0,0,0,0,0.03571428571428571,0.6607142857142857,0,0.125,0.17857142857142858,0,0.16666666666666666,0.1,0.3,0.06666666666666667,0.1,0,0,0.1,0.08333333333333333,0,0.08333333333333333,0.1896551724137931,0.05172413793103448,0.017241379310344827,0.13793103448275862,0.08620689655172414,0.017241379310344827,0.3103448275862069,0.15517241379310345,0.017241379310344827,0.017241379310344827,0,0,0,0.016666666666666666,0.21666666666666667,0.03333333333333333,0.016666666666666666,0.48333333333333334,0.1,0.06666666666666667,0.06666666666666667,0.13793103448275862,0.3620689655172414,0.05172413793103448,0.034482758620689655,0,0,0.20689655172413793,0.08620689655172414,0.1206896551724138,0,0.9833333333333333,0,0,0.016666666666666666
0.8333333333333334,0,0.1388888888888889,0.013888888888888888,0.013888888888888888,0.2361111111111111,0.4027777777777778,0.3611111111111111,0,0,0,0,0.3055555555555556,0.041666666666666664,0.4305555555555556,0.1388888888888889,0,0,0.05555555555555555,0.013888888888888888,0.013888888888888888,0.8333333333333334,0,0.013888888888888888,0,0.1527777777777778,0,0.1388888888888889,0.6666666666666666,0,0.1527777777777778,0.027777777777777776,0.013888888888888888,0.16666666666666666,0.027777777777777776,0.3472222222222222,0.16666666666666666,0.25,0,0,0.027777777777777776,0.013888888888888888,0,0,0.25,0.013888888888888888,0.013888888888888888,0.1111111111111111,0.3472222222222222,0.013888888888888888,0.19444444444444445,0.027777777777777776,0,0.027777777777777776,0,0,0,0.013888888888888888,0.5138888888888888,0.05555555555555555,0,0.3888888888888889,0,0.027777777777777776,0,0.125,0.16666666666666666,0.18055555555555555,0.041666666666666664,0,0,0.05555555555555555,0.2916666666666667,0.1388888888888889,0,1,0,0,0
0.8292682926829268,0,0.17073170731707318,0,0,0.4634146341463415,0.4024390243902439,0.12195121951219512,0.012195121951219513,0,0,0,0.4024390243902439,0.07317073170731707,0.21951219512195122,0.12195121951219512,0,0,0.04878048780487805,0.07317073170731707,0.06097560975609756,0.8658536585365854,0,0.012195121951219513,0,0.12195121951219512,0,0.14634146341463414,0.7439024390243902,0,0.10975609756097561,0,0,0.0975609756097561,0.036585365853658534,0.5853658536585366,0.12195121951219512,0.0975609756097561,0,0,0.04878048780487805,0.012195121951219513,0,0,0.23170731707317074,0.024390243902439025,0,0.2073170731707317,0.15853658536585366,0.08536585365853659,0.12195121951219512,0.07317073170731707,0.012195121951219513,0.08536585365853659,0,0,0,0.06097560975609756,0.34146341463414637,0.08536585365853659,0,0.4268292682926829,0,0.07317073170731707,0.012195121951219513,0.17073170731707318,0.2682926829268293,0.13414634146341464,0.17073170731707318,0,0,0.04878048780487805,0.10975609756097561,0.0975609756097561,0,1,0,0,0
1,0,0,0,0,0.3333333333333333,0.4166666666666667,0.08333333333333333,0.16666666666666666,0,0,0,0.75,0.25,0,0,0,0,0,0,0,0.9166666666666666,0,0.08333333333333333,0,0,0,0.08333333333333333,0.5,0,0.3333333333333333,0.08333333333333333,0,0.16666666666666666,0.4166666666666667,0.4166666666666667,0,0,0,0,0,0,0,0,0.4166666666666667,0.08333333333333333,0,0.25,0,0.16666666666666666,0.08333333333333333,0,0,0,0,0,0,0.25,0.08333333333333333,0,0,0.6666666666666666,0,0,0,0.4166666666666667,0.4166666666666667,0.16666666666666666,0,0,0,0,0,0,0,1,0,0,0
0.95,0,0.05,0,0,0.35,0.45,0.2,0,0,0,0,0.6111111111111112,0.3333333333333333,0,0,0,0.05555555555555555,0,0,0,1,0,0,0,0,0,0.25,0.55,0,0.2,0,0,0.2,0.5,0.3,0,0,0,0,0,0,0,0,0.3,0.15,0.05,0.15,0.05,0.25,0,0.05,0,0,0,0,0,0.25,0.3,0,0,0.4,0,0.05,0,0.25,0.5,0.25,0,0,0,0,0,0,0,1,0,0,0
1,0,0,0,0,0.25,0.5227272727272727,0.20454545454545456,0.022727272727272728,0,0,0,0.75,0.25,0,0,0,0,0,0,0,0.9772727272727273,0.022727272727272728,0,0,0,0,0.2857142857142857,0.42857142857142855,0,0.2857142857142857,0,0,0.20454545454545456,0.4090909090909091,0.3409090909090909,0,0.022727272727272728,0,0.022727272727272728,0,0,0,0,0.2727272727272727,0.22727272727272727,0.022727272727272728,0.25,0,0.18181818181818182,0.045454545454545456,0,0,0,0,0,0,0.275,0.35,0.025,0,0.35,0,0,0,0.2619047619047619,0.6190476190476191,0.09523809523809523,0,0,0.023809523809523808,0,0,0,0,1,0,0,0
1,0,0,0,0,0.3333333333333333,0.6666666666666666,0,0,0,0,0,0.5,0.5,0,0,0,0,0,0,0,0.8888888888888888,0.1111111111111111,0,0,0,0,0.4444444444444444,0.5555555555555556,0,0,0,0,0.4444444444444444,0.5,0.05555555555555555,0,0,0,0,0,0,0,0,0.3333333333333333,0.5,0.1111111111111111,0,0.05555555555555555,0,0,0,0,0,0,0,0,0.4166666666666667,0.3333333333333333,0.08333333333333333,0.16666666666666666,0,0,0,0,0.4444444444444444,0.5555555555555556,0,0,0,0,0,0,0,0,1,0,0,0
1,0,0,0,0,0.3333333333333333,0.5,0.16666666666666666,0,0,0,0,0.5,0.5,0,0,0,0,0,0,0,1,0,0,0,0,0,0.3333333333333333,0.5,0,0.16666666666666666,0,0,0.6666666666666666,0.3333333333333333,0,0,0,0,0,0,0,0,0,0.5,0.3333333333333333,0,0.16666666666666666,0,0,0,0,0,0,0,0,0,0.5,0.5,0,0,0,0,0,0,0.5,0.3333333333333333,0.16666666666666666,0,0,0,0,0,0,0,1,0,0,0
1,0,0,0,0,0.20588235294117646,0.38235294117647056,0.4117647058823529,0,0,0,0,0.65625,0.03125,0.3125,0,0,0,0,0,0,0.8823529411764706,0,0.08823529411764706,0,0.029411764705882353,0,0.08823529411764706,0.6470588235294118,0,0.2647058823529412,0,0,0.08823529411764706,0.14705882352941177,0.5294117647058824,0.08823529411764706,0.08823529411764706,0,0.029411764705882353,0.029411764705882353,0,0,0,0.14705882352941177,0.08823529411764706,0,0.17647058823529413,0.29411764705882354,0.08823529411764706,0.17647058823529413,0.029411764705882353,0,0,0,0,0,0.14705882352941177,0.3235294117647059,0.029411764705882353,0,0.38235294117647056,0,0.11764705882352941,0,0.4117647058823529,0.2647058823529412,0.17647058823529413,0,0,0,0.058823529411764705,0.029411764705882353,0.058823529411764705,0,0.9705882352941176,0,0.029411764705882353,0
0.9821428571428571,0,0.017857142857142856,0,0,0.39285714285714285,0.14285714285714285,0.4642857142857143,0,0,0,0,0.7857142857142857,0.07142857142857142,0.14285714285714285,0,0,0,0,0,0,0.9107142857142857,0,0.05357142857142857,0.03571428571428571,0,0,0.08928571428571429,0.7321428571428571,0,0.17857142857142858,0,0,0.14285714285714285,0.19642857142857142,0.5714285714285714,0,0.03571428571428571,0.017857142857142856,0,0.03571428571428571,0,0,0,0.19642857142857142,0.10714285714285714,0,0.03571428571428571,0.19642857142857142,0.08928571428571429,0.35714285714285715,0.017857142857142856,0,0,0,0,0,0.09259259259259259,0.14814814814814814,0.018518518518518517,0,0.5925925925925926,0.018518518518518517,0.12962962962962962,0,0.48148148148148145,0.14814814814814814,0.12962962962962962,0,0,0,0.05555555555555555,0.12962962962962962,0.05555555555555555,0,0.9821428571428571,0,0,0.017857142857142856
1,0,0,0,0,0.1875,0.8125,0,0,0,0,0,0.6428571428571429,0.35714285714285715,0,0,0,0,0,0,0,1,0,0,0,0,0,0.5,0.5,0,0,0,0,0.5,0.5,0,0,0,0,0,0,0,0,0,0.5625,0.25,0,0.0625,0.125,0,0,0,0,0,0,0,0,0.25,0.625,0.125,0,0,0,0,0,0.4375,0.5,0.0625,0,0,0,0,0,0,0,1,0,0,0
1,0,0,0,0,0.5,0.3888888888888889,0.1111111111111111,0,0,0,0,0.6111111111111112,0.1111111111111111,0.1111111111111111,0.16666666666666666,0,0,0,0,0,1,0,0,0,0,0,0.5555555555555556,0.3333333333333333,0,0.1111111111111111,0,0,0.3888888888888889,0.16666666666666666,0.16666666666666666,0.05555555555555555,0.2222222222222222,0,0,0,0,0,0,0.2777777777777778,0.16666666666666666,0,0.1111111111111111,0.05555555555555555,0.05555555555555555,0.3333333333333333,0,0,0,0,0,0,0.1875,0.5625,0,0,0.125,0.125,0,0,0.16666666666666666,0.7222222222222222,0.1111111111111111,0,0,0,0,0,0,0,1,0,0,0
1,0,0,0,0,0.5,0.5,0,0,0,0,0,0.5,0.5,0,0,0,0,0,0,0,0.75,0.25,0,0,0,0,0.5,0.5,0,0,0,0,0.4166666666666667,0.5833333333333334,0,0,0,0,0,0,0,0,0,0.4166666666666667,0.16666666666666666,0.4166666666666667,0,0,0,0,0,0,0,0,0,0,0.5833333333333334,0.16666666666666666,0.25,0,0,0,0,0,0.5,0.5,0,0,0,0,0,0,0,0,1,0,0,0
0.9,0,0.04,0,0.06,0.5416666666666666,0.3541666666666667,0.08333333333333333,0.020833333333333332,0,0,0,0.78,0.06,0.16,0,0,0,0,0,0,0.9,0,0.04,0,0.06,0,0.04,0.7,0,0.2,0.06,0,0.16,0.04,0.48,0.04,0.16,0,0,0.06,0.06,0,0,0.2,0,0.08,0.18,0.2,0.06,0.22,0.04,0,0.02,0,0,0,0.06,0.2,0.06,0.02,0.46,0.04,0.1,0.06,0.22727272727272727,0.20454545454545456,0.06818181818181818,0.045454545454545456,0,0,0.1590909090909091,0.22727272727272727,0.06818181818181818,0,1,0,0,0
0.9722222222222222,0,0.027777777777777776,0,0,0.3611111111111111,0.4444444444444444,0.19444444444444445,0,0,0,0,0.8529411764705882,0.14705882352941177,0,0,0,0,0,0,0,1,0,0,0,0,0,0.3055555555555556,0.4444444444444444,0,0.25,0,0,0.3055555555555556,0.3055555555555556,0.3333333333333333,0,0.05555555555555555,0,0,0,0,0,0,0.5833333333333334,0.1388888888888889,0.027777777777777776,0.1111111111111111,0,0.1111111111111111,0.027777777777777776,0,0,0,0,0,0,0.3888888888888889,0.2777777777777778,0,0,0.3333333333333333,0,0,0,0.2222222222222222,0.6666666666666666,0.1111111111111111,0,0,0,0,0,0,0,0.9722222222222222,0.027777777777777776,0,0
0.74,0,0.26,0,0,0.44,0.4,0.12,0.04,0,0,0,0.575,0,0.3,0,0,0,0.075,0.05,0,1,0,0,0,0,0,0.2,0.74,0,0.06,0,0,0.08,0.14,0.46,0.06,0.14,0.08,0,0,0,0.04,0,0.0625,0.16666666666666666,0.14583333333333334,0.2916666666666667,0.0625,0.08333333333333333,0.10416666666666667,0.020833333333333332,0,0.0625,0,0,0,0.04,0.3,0.04,0,0.6,0,0,0.02,0.2,0.1,0.05,0.025,0,0,0.25,0.35,0.025,0,1,0,0,0
0.9878048780487805,0,0,0,0.012195121951219513,0.9146341463414634,0.08536585365853659,0,0,0,0,0,0.17073170731707318,0.024390243902439025,0.5853658536585366,0.12195121951219512,0,0,0,0.0975609756097561,0,0.9146341463414634,0,0.024390243902439025,0,0,0.06097560975609756,0,0.6829268292682927,0,0.04878048780487805,0.2682926829268293,0,0.1951219512195122,0.10975609756097561,0.5853658536585366,0,0.012195121951219513,0.0975609756097561,0,0,0,0,0,0.2073170731707317,0.04878048780487805,0,0.24390243902439024,0.012195121951219513,0.21951219512195122,0.21951219512195122,0.036585365853658534,0.012195121951219513,0,0,0,0,0.012195121951219513,0.1951219512195122,0.2804878048780488,0,0.24390243902439024,0.012195121951219513,0.13414634146341464,0.12195121951219512,0.1875,0.0375,0.0125,0.025,0,0,0.4625,0.05,0.1875,0.0375,1,0,0,0
1,0,0,0,0,0.4,0.5,0.1,0,0,0,0,0.8,0.2,0,0,0,0,0,0,0,1,0,0,0,0,0,0.3,0.4,0,0.3,0,0,0.2,0.7,0.1,0,0,0,0,0,0,0,0,0.5,0.1,0.1,0.1,0,0.2,0,0,0,0,0,0,0,0.3,0.4,0,0,0.3,0,0,0,0.4,0.5,0.1,0,0,0,0,0,0,0,1,0,0,0
1,0,0,0,0,0.4,0.2,0.4,0,0,0,0,0.7,0.1,0.2,0,0,0,0,0,0,1,0,0,0,0,0,0.1,0.6,0,0.3,0,0,0.1,0.4,0.5,0,0,0,0,0,0,0,0,0.2,0.2,0,0.2,0.1,0.2,0.1,0,0,0,0,0,0,0.3,0,0.1,0,0.6,0,0,0,0.2,0.3,0.5,0,0,0,0,0,0,0,1,0,0,0
1,0,0,0,0,0,0.5,0.5,0,0,0,0,1,0,0,0,0,0,0,0,0,1,0,0,0,0,0,0,0.5,0,0.5,0,0,0,0.5,0.5,0,0,0,0,0,0,0,0,0,0,0,0.5,0,0.5,0,0,0,0,0,0,0,0,0,0,0,1,0,0,0,0,0.5,0.5,0,0,0,0,0,0,0,1,0,0,0
1,0,0,0,0,0.25,0.375,0.375,0,0,0,0,0.7083333333333334,0.16666666666666666,0.08333333333333333,0.041666666666666664,0,0,0,0,0,1,0,0,0,0,0,0.16666666666666666,0.4583333333333333,0,0.375,0,0,0.25,0.2916666666666667,0.4583333333333333,0,0,0,0,0,0,0,0,0.375,0.125,0,0.25,0,0.25,0,0,0,0,0,0,0,0.20833333333333334,0.20833333333333334,0,0,0.5833333333333334,0,0,0,0.125,0.625,0.25,0,0,0,0,0,0,0,1,0,0,0
1,0,0,0,0,0.2857142857142857,0.42857142857142855,0.2857142857142857,0,0,0,0,0.7857142857142857,0.14285714285714285,0,0.07142857142857142,0,0,0,0,0,1,0,0,0,0,0,0.14285714285714285,0.35714285714285715,0,0.5,0,0,0.07142857142857142,0.5714285714285714,0.35714285714285715,0,0,0,0,0,0,0,0,0.21428571428571427,0.07142857142857142,0,0.42857142857142855,0,0.21428571428571427,0.07142857142857142,0,0,0,0,0,0,0.21428571428571427,0.14285714285714285,0,0,0.6428571428571429,0,0,0,0.07142857142857142,0.7857142857142857,0.14285714285714285,0,0,0,0,0,0,0,1,0,0,0
0.9,0.1,0,0,0,0.4,0.6,0,0,0,0,0,0.5,0.5,0,0,0,0,0,0,0,0.9,0.1,0,0,0,0,0.5,0.4,0.1,0,0,0,0.5,0.5,0,0,0,0,0,0,0,0,0,0.4,0.4,0.1,0.1,0,0,0,0,0,0,0,0,0,0.5,0.4,0.1,0,0,0,0,0,0.4,0.6,0,0,0,0,0,0,0,0,1,0,0,0
0.8695652173913043,0,0.08695652173913043,0.043478260869565216,0,0.9166666666666666,0.08333333333333333,0,0,0,0,0,0.5833333333333334,0.22916666666666666,0.020833333333333332,0,0,0,0,0.16666666666666666,0,1,0,0,0,0,0,0,0.782608695652174,0,0,0.21739130434782608,0,0.08333333333333333,0.125,0.6875,0,0,0.10416666666666667,0,0,0,0,0,0.21739130434782608,0,0,0.021739130434782608,0.06521739130434782,0,0.17391304347826086,0.2826086956521739,0,0.15217391304347827,0.043478260869565216,0.021739130434782608,0.021739130434782608,0,0.020833333333333332,0.0625,0,0.6875,0,0.1875,0.041666666666666664,0.18181818181818182,0.09090909090909091,0.022727272727272728,0,0,0,0.5227272727272727,0.06818181818181818,0.11363636363636363,0,1,0,0,0
0.5714285714285714,0,0.40476190476190477,0.023809523809523808,0,0.8333333333333334,0.16666666666666666,0,0,0,0,0,0.6904761904761905,0.09523809523809523,0.023809523809523808,0,0,0,0,0.19047619047619047,0,1,0,0,0,0,0,0.023809523809523808,0.9047619047619048,0,0.023809523809523808,0.047619047619047616,0,0.09523809523809523,0.11904761904761904,0.5476190476190477,0.023809523809523808,0,0.14285714285714285,0,0.07142857142857142,0,0,0,0.23809523809523808,0.023809523809523808,0,0.11904761904761904,0,0,0.11904761904761904,0.30952380952380953,0,0.16666666666666666,0.023809523809523808,0,0,0,0.023809523809523808,0.07142857142857142,0,0.7142857142857143,0.023809523809523808,0.07142857142857142,0.09523809523809523,0.47619047619047616,0.07142857142857142,0,0.023809523809523808,0,0,0.19047619047619047,0.047619047619047616,0.19047619047619047,0,0.9761904761904762,0,0,0.023809523809523808
1,0,0,0,0,0.5,0.5,0,0,0,0,0,0.5,0.25,0.25,0,0,0,0,0,0,1,0,0,0,0,0,0.5,0.5,0,0,0,0,0.5,0.5,0,0,0,0,0,0,0,0,0,0.25,0.5,0,0.25,0,0,0,0,0,0,0,0,0,0.5,0.5,0,0,0,0,0,0,0.5,0.5,0,0,0,0,0,0,0,0,1,0,0,0
1,0,0,0,0,0.35,0.65,0,0,0,0,0,0.5,0.5,0,0,0,0,0,0,0,0.95,0.05,0,0,0,0,0.5,0.4,0.05,0,0.05,0,0.5,0.5,0,0,0,0,0,0,0,0,0,0.45,0.3,0.1,0.1,0.05,0,0,0,0,0,0,0,0,0.4444444444444444,0.3333333333333333,0.2222222222222222,0,0,0,0,0,0.35,0.6,0,0,0.05,0,0,0,0,0,1,0,0,0
0.98,0.02,0,0,0,0.34,0.5,0.12,0.02,0.02,0,0,0.6,0.32,0.02,0.04,0,0.02,0,0,0,0.98,0.02,0,0,0,0,0.24,0.54,0,0.2,0.02,0,0.3125,0.3541666666666667,0.3333333333333333,0,0,0,0,0,0,0,0,0.36,0.18,0.02,0.14,0.04,0.26,0,0,0,0,0,0,0,0.2,0.42,0,0,0.38,0,0,0,0.12,0.74,0.1,0,0,0,0,0.02,0.02,0,0.9791666666666666,0,0.020833333333333332,0
1,0,0,0,0,0.3103448275862069,0.15517241379310345,0.5344827586206896,0,0,0,0,0.7068965517241379,0.1206896551724138,0.15517241379310345,0.017241379310344827,0,0,0,0,0,0.9137931034482759,0,0.017241379310344827,0,0.06896551724137931,0,0.06896551724137931,0.7068965517241379,0,0.1724137931034483,0.05172413793103448,0,0.13793103448275862,0.20689655172413793,0.5689655172413793,0.017241379310344827,0,0,0,0.06896551724137931,0,0,0,0.1724137931034483,0.08620689655172414,0.034482758620689655,0.10344827586206896,0.22413793103448276,0.034482758620689655,0.3275862068965517,0,0.017241379310344827,0,0,0,0,0.034482758620689655,0.13793103448275862,0.08620689655172414,0,0.5517241379310345,0.017241379310344827,0.1724137931034483,0,0.39655172413793105,0.20689655172413793,0.27586206896551724,0,0,0,0.08620689655172414,0.017241379310344827,0.017241379310344827,0,1,0,0,0
1,0,0,0,0,0.5625,0.4375,0,0,0,0,0,0.5,0.5,0,0,0,0,0,0,0,0.75,0.25,0,0,0,0,0.5,0.5,0,0,0,0,0.5625,0.4375,0,0,0,0,0,0,0,0,0,0.4375,0.4375,0.125,0,0,0,0,0,0,0,0,0,0,0.6428571428571429,0.14285714285714285,0.21428571428571427,0,0,0,0,0,0.375,0.625,0,0,0,0,0,0,0,0,1,0,0,0
0.9,0.1,0,0,0,0.4,0.4,0.2,0,0,0,0,0.75,0.25,0,0,0,0,0,0,0,1,0,0,0,0,0,0.3,0.5,0,0.2,0,0,0.3,0.4,0.3,0,0,0,0,0,0,0,0,0.6,0.1,0,0.1,0,0.2,0,0,0,0,0,0,0,0.2,0.4,0,0,0.4,0,0,0,0.1,0.7,0.2,0,0,0,0,0,0,0,1,0,0,0
1,0,0,0,0,0.36363636363636365,0.22727272727272727,0.36363636363636365,0.045454545454545456,0,0,0,0.8181818181818182,0.18181818181818182,0,0,0,0,0,0,0,1,0,0,0,0,0,0.36363636363636365,0.36363636363636365,0,0.22727272727272727,0.045454545454545456,0,0.09090909090909091,0.5,0.4090909090909091,0,0,0,0,0,0,0,0,0.22727272727272727,0.22727272727272727,0,0.13636363636363635,0,0.36363636363636365,0.045454545454545456,0,0,0,0,0,0,0.13636363636363635,0.2727272727272727,0.045454545454545456,0,0.5454545454545454,0,0,0,0.22727272727272727,0.6363636363636364,0.13636363636363635,0,0,0,0,0,0,0,0.9545454545454546,0,0.045454545454545456,0
1,0,0,0,0,0.38461538461538464,0.46153846153846156,0.11538461538461539,0,0,0.038461538461538464,0,0.7307692307692307,0.23076923076923078,0,0.038461538461538464,0,0,0,0,0,1,0,0,0,0,0,0.23076923076923078,0.4230769230769231,0,0.34615384615384615,0,0,0.2692307692307692,0.38461538461538464,0.34615384615384615,0,0,0,0,0,0,0,0,0.3076923076923077,0.15384615384615385,0,0.2692307692307692,0,0.2692307692307692,0,0,0,0,0,0,0,0.2916666666666667,0.16666666666666666,0,0,0.5416666666666666,0,0,0,0.15384615384615385,0.6923076923076923,0.15384615384615385,0,0,0,0,0,0,0,0.9615384615384616,0,0.038461538461538464,0
1,0,0,0,0,0.25,0.5357142857142857,0.21428571428571427,0,0,0,0,0.8214285714285714,0.17857142857142858,0,0,0,0,0,0,0,0.9642857142857143,0,0.03571428571428571,0,0,0,0.19230769230769232,0.3076923076923077,0,0.46153846153846156,0.038461538461538464,0,0.32142857142857145,0.35714285714285715,0.32142857142857145,0,0,0,0,0,0,0,0,0.39285714285714285,0.10714285714285714,0,0.17857142857142858,0.03571428571428571,0.2857142857142857,0,0,0,0,0,0,0,0.21428571428571427,0.21428571428571427,0,0,0.5714285714285714,0,0,0,0.25,0.4642857142857143,0.2857142857142857,0,0,0,0,0,0,0,1,0,0,0
0.9473684210526315,0,0,0.05263157894736842,0,0.3684210526315789,0.42105263157894735,0.13157894736842105,0.07894736842105263,0,0,0,0.7105263157894737,0.23684210526315788,0,0,0.05263157894736842,0,0,0,0,0.9473684210526315,0.02631578947368421,0.02631578947368421,0,0,0,0.2631578947368421,0.5526315789473685,0,0.18421052631578946,0,0,0.34210526315789475,0.2894736842105263,0.3157894736842105,0,0.02631578947368421,0.02631578947368421,0,0,0,0,0,0.4473684210526316,0.13157894736842105,0.02631578947368421,0.15789473684210525,0,0.10526315789473684,0.13157894736842105,0,0,0,0,0,0,0.23684210526315788,0.3684210526315789,0.05263157894736842,0,0.34210526315789475,0,0,0,0.2631578947368421,0.5789473684210527,0.10526315789473684,0,0,0.02631578947368421,0.02631578947368421,0,0,0,1,0,0,0
